id,product_name,ingredient_name,min_intake_value,max_intake_value,base_unit,display_unit,created_at,updated_at
1,아라비아검,아라비아검식이섬유,19990.0,20010.0,mg,g,2026-01-15 17:00:32,2026-01-15 17:00:32
2,베타카로틴,베타카로틴,0.42,7.0,mg,mg,2026-01-15 17:00:32,2026-01-15 17:00:32
3,비오틴,비오틴,0.009,0.9,mg,mg,2026-01-15 17:00:32,2026-01-15 17:00:32
4,공액리놀레산,공액리놀레산,1400.0,4200.0,mg,g,2026-01-15 17:00:32,2026-01-15 17:00:32
5,가르시니아캄보지아 추출물,총(-)-히드록시시트르산,750.0,1500.0,mg,mg,2026-01-15 17:00:32,2026-01-15 17:00:32
6,대두이소플라본,대두이소플라본 비배당체,24.0,27.0,mg,mg,2026-01-15 17:00:32,2026-01-15 17:00:32
7,스쿠알렌,스쿠알렌,10000.0,10000.0,mg,g,2026-01-15 17:00:32,2026-01-15 17:00:32
8,은행잎 추출물,플라보놀 배당체,28.0,36.0,mg,mg,2026-01-15 17:00:32,2026-01-15 17:00:32
9,밀크씨슬 추출물,실리마린,130.0,130.0,mg,mg,2026-01-15 17:00:32,2026-01-15 17:00:32
10,비타민 E,비타민 E,3.3,400.0,mg,mg,2026-01-15 17:00:32,2026-01-15 17:00:32
11,비타민 K,비타민 K,0.021,1.0,mg,mg,2026-01-15 17:00:32,2026-01-15 17:00:32
12,비타민 B1,비타민 B1,0.36,100.0,mg,mg,2026-01-15 17:00:32,2026-01-15 17:00:32
13,비타민 B2,비타민 B2,0.42,40.0,mg,mg,2026-01-15 17:00:32,2026-01-15 17:00:32
14,나이아신,나이아신,4.5,670.0,mg,mg,2026-01-15 17:00:32,2026-01-15 17:00:32
15,판토텐산,판토텐산,1.5,200.0,mg,mg,2026-01-15 17:00:32,2026-01-15 17:00:32
16,비타민 B6,비타민 B6,0.45,67.0,mg,mg,2026-01-15 17:00:32,2026-01-15 17:00:32
17,엽산,엽산,0.12,0.4,mg,μg,2026-01-15 17:00:32,2026-01-15 17:00:32
18,비타민 B12,비타민 B12,0.00072,2.0,mg,mg,2026-01-15 17:00:32,2026-01-15 17:00:32
19,비타민 C,비타민 C,30.0,1000.0,mg,mg,2026-01-15 17:00:32,2026-01-15 17:00:32
20,칼슘,칼슘,210.0,800.0,mg,mg,2026-01-15 17:00:32,2026-01-15 17:00:32
21,마그네슘,마그네슘,94.5,250.0,mg,mg,2026-01-15 17:00:32,2026-01-15 17:00:32
22,철,철,3.6,15.0,mg,mg,2026-01-15 17:00:32,2026-01-15 17:00:32
23,차전자피식이섬유,식이섬유,5000.0,999999999000.0,mg,g,2026-01-15 17:00:32,2026-01-15 17:00:32
24,알로에 겔,총 다당체,110.0,420.0,mg,mg,2026-01-15 17:00:32,2026-01-15 17:00:32
25,영지버섯 자실체 추출물,베타글루칸,24.0,42.0,mg,mg,2026-01-15 17:00:32,2026-01-15 17:00:32
26,프락토올리고당,프락토올리고당,3000.0,8000.0,mg,g,2026-01-15 17:00:32,2026-01-15 17:00:32
27,대두단백,조단백질,15000.0,15000.0,mg,g,2026-01-15 17:00:32,2026-01-15 17:00:32
28,엽록소 함유 식물,총엽록소,8.0,150.0,mg,mg,2026-01-15 17:00:32,2026-01-15 17:00:32
29,스피루리나,총엽록소,10.0,80.0,mg,mg,2026-01-15 17:00:32,2026-01-15 17:00:32
30,클로렐라,총엽록소,8.0,150.0,mg,mg,2026-01-15 17:00:32,2026-01-15 17:00:32
31,글루코만난,글루코만난식이섬유,2700.0,17000.0,mg,g,2026-01-15 17:00:32,2026-01-15 17:00:32
32,마늘,알리인,600.0,1000.0,mg,g,2026-01-15 17:00:32,2026-01-15 17:00:32
33,홍경천 추출물,로사빈,200.0,600.0,mg,mg,2026-01-15 17:00:32,2026-01-15 17:00:32
34,마리골드꽃추출물,루테인,10.0,20.0,mg,mg,2026-01-15 17:00:32,2026-01-15 17:00:32
35,회화나무열매추출물,소포리코사이드,350.0,350.0,mg,mg,2026-01-15 17:00:32,2026-01-15 17:00:32
36,핑거루트추출분말,판두라틴 A,600.0,600.0,mg,mg,2026-01-15 17:00:32,2026-01-15 17:00:32
37,옻나무 추출분말,푸스틴,1000.0,1000.0,mg,g,2026-01-15 17:00:32,2026-01-15 17:00:32
38,중쇄지방산함유 유지,중쇄지방산 함유유지,0.0,0.0,mg,mg,2026-01-15 17:00:32,2026-01-15 17:00:32
39,보이차추출물,갈산,1.0,1.0,g,g,2026-01-15 17:00:32,2026-01-15 17:00:32
40,옥수수배아추출물,글루코실 세라마이드,40.0,60.0,mg,mg,2026-01-15 17:00:32,2026-01-15 17:00:32
41,올리브잎주정추출물,올러유로핀,500.0,1000.0,mg,mg,2026-01-15 17:00:32,2026-01-15 17:00:32
42,감태추출물,디엑콜,500.0,500.0,mg,mg,2026-01-15 17:00:32,2026-01-15 17:00:32
43,L.plantarum IM76과 B.longum IM55 복합물,프로바이오틱스 수,10000000000.0,10000000000.0,CFU,CFU,2026-01-15 17:00:32,2026-01-15 17:00:32
44,까마귀쪽나무 열매 주정추출물,하마비와락톤 B,200.0,200.0,mg,mg,2026-01-15 17:00:32,2026-01-15 17:00:32
45,까마귀쪽나무 열매 주정추출물,하마비와락톤 B,200.0,200.0,mg,mg,2026-01-15 17:00:32,2026-01-15 17:00:32
46,석류추출물,엘라그산,1500.0,1500.0,mg,g,2026-01-15 17:00:32,2026-01-15 17:00:32
47,포도씨 효소분해 추출 분말,총 폴리페놀,150.0,300.0,mg,mg,2026-01-15 17:00:32,2026-01-15 17:00:32
48,이눌린,이눌린 식이섬유,6400.0,20000.0,mg,g,2026-01-15 17:00:32,2026-01-15 17:00:32
49,비타민 A,비타민 A,210.0,1000.0,μg,μg,2026-01-15 17:00:32,2026-01-15 17:00:32
50,비타민 D,비타민 D,0.003,0.01,mg,mg,2026-01-15 17:00:32,2026-01-15 17:00:32
51,프로바이오틱스,생균,100000000.0,10000000000.0,CFU,CFU,2026-01-15 17:00:32,2026-01-15 17:00:32
52,구아바잎 추출물,총 폴리페놀,120.0,120.0,mg,mg,2026-01-15 17:00:32,2026-01-15 17:00:32
53,홍국,총 모나콜린 K,4.0,8.0,mg,mg,2026-01-15 17:00:32,2026-01-15 17:00:32
54,달맞이꽃종자 추출물,PGG(펜타-O-갈로일 베타-D-글루코스),4.0,8.4,mg,mg,2026-01-15 17:00:32,2026-01-15 17:00:32
55,포스파티딜세린,포스파티딜세린,300.0,300.0,mg,mg,2026-01-15 17:00:32,2026-01-15 17:00:32
56,테아닌,L-테아닌,200.0,250.0,mg,mg,2026-01-15 17:00:32,2026-01-15 17:00:32
57,엠에스엠,엠에스엠,1500.0,2000.0,mg,g,2026-01-15 17:00:32,2026-01-15 17:00:32
58,구아검,구아검,4600.0,27000.0,mg,g,2026-01-15 17:00:32,2026-01-15 17:00:32
59,보리식이섬유,보리식이섬유,20000.0,20000.0,mg,g,2026-01-15 17:00:32,2026-01-15 17:00:32
60,호로파종자식이섬유,호로파종자식이섬유,12000.0,50000.0,mg,g,2026-01-15 17:00:32,2026-01-15 17:00:32
61,키토산,키토산 또는 키토올리고당,1200.0,4500.0,mg,g,2026-01-15 17:00:32,2026-01-15 17:00:32
62,포도종자추출물,포도종자추출물,0.0,200.0,mg,mg,2026-01-15 17:00:32,2026-01-15 17:00:32
63,커피만노올리고당분말,커피만노올리고당분말,999.9,1000.1,mg,mg,2026-01-15 17:00:32,2026-01-15 17:00:32
64,구아바잎추출물 등 복합물,"엘라그산 함량, 에피갈로카테킨갈레이트 함량, 갈산 함량",800.0,800.0,mg,mg,2026-01-15 17:00:32,2026-01-15 17:00:32
65,보이차 추출물,갈산,1000.0,1000.0,mg,g,2026-01-15 17:00:32,2026-01-15 17:00:32
66,Nopal 추출물,수용성식이섬유,4300.0,4300.0,mg,g,2026-01-15 17:00:32,2026-01-15 17:00:32
67,락추로스 파우더,락추로스,650.0,3000.0,mg,mg,2026-01-15 17:00:32,2026-01-15 17:00:32
68,Green Mate Extract EFLA® 920,클로로겐산,3000.0,3000.0,mg,g,2026-01-15 17:00:32,2026-01-15 17:00:32
69,피브로인추출물 BF-7,"티로신, 알라닌",200.0,400.0,mg,mg,2026-01-15 17:00:32,2026-01-15 17:00:32
70,콜레우스 포스콜리 추출물 Forslean,포스콜린,500.0,500.0,mg,mg,2026-01-15 17:00:32,2026-01-15 17:00:32
71,리프리놀-초록입홍합추출오일,"도코사헥사엔 산, 에이코사펜타엔, 도코사펜타엔, 알파-리놀렌산",200.0,200.0,mg,mg,2026-01-15 17:00:32,2026-01-15 17:00:32
72,HK 나토배양물,피브린용해효소활성,133.0,133.0,mg,mg,2026-01-15 17:00:32,2026-01-15 17:00:32
73,비즈왁스알코올,"1-테트라코사놀, 1-헥사코사놀, 1-옥타코사놀, 1-트리아콘타놀, 1-도트리아콘타놀, 1-테트라트리아콘타놀",50.0,100.0,mg,mg,2026-01-15 17:00:32,2026-01-15 17:00:32
74,백수오 등 복합추출물,"계피산, 산지사이드 메틸에스테르, 노다케닌",514.0,514.0,mg,mg,2026-01-15 17:00:32,2026-01-15 17:00:32
75,발효생성아미노산 복합물,"L-로이신, L-이소로이신, L-발린",4700.0,5000.0,mg,g,2026-01-15 17:00:32,2026-01-15 17:00:32
76,석류추출물,석류추출물,6000.0,6000.0,mg,g,2026-01-15 17:00:32,2026-01-15 17:00:32
77,콩․보리 발효복합물,"총 이소플라본, 베타글루칸",3000.0,3000.0,mg,g,2026-01-15 17:00:32,2026-01-15 17:00:32
78,폴리코사놀-사탕수수왁스알코올,지방족 알코올,5.0,20.0,mg,mg,2026-01-15 17:00:32,2026-01-15 17:00:32
79,식물스타놀에스테르,식물스타놀에스테르,3399.9,3400.1,mg,mg,2026-01-15 17:00:32,2026-01-15 17:00:32
80,씨제이 히비스커스 등 복합추출물,"키토산, (+)-알로-히드록시 구연 산 락톤, L-카르니틴",2079.0,2079.0,mg,mg,2026-01-15 17:00:32,2026-01-15 17:00:32
81,초록입홍합추출오일복합물,"에이코사펜타엔산, 도코사헥사엔산, 도코사펜 타엔산, 알파리놀렌산",620.0,620.0,mg,mg,2026-01-15 17:00:32,2026-01-15 17:00:32
82,L-카르니틴 타르트레이트,L-카르니틴,2000.0,2000.0,mg,g,2026-01-15 17:00:32,2026-01-15 17:00:32
83,Collactive 콜라겐펩타이드,글리신-프롤린-히드록시프롤린,2000.0,2000.0,mg,g,2026-01-15 17:00:32,2026-01-15 17:00:32
84,청국장균배양정제물,폴리감마글루탐산칼륨,1000.0,1000.0,mg,mg,2026-01-15 17:00:32,2026-01-15 17:00:32
85,로즈힙분말,하이페로사이드,5000.0,5000.0,mg,g,2026-01-15 17:00:32,2026-01-15 17:00:32
86,씨폴리놀 감태주정추출물,디에콜,72.0,360.0,mg,mg,2026-01-15 17:00:32,2026-01-15 17:00:32
87,솔잎 증류 농축액,"3-카렌, 리모넨, 테르피놀렌",1350.0,1350.0,mg,mg,2026-01-15 17:00:32,2026-01-15 17:00:32
88,아쉬아간다 추출물,위타페린 A,125.0,180.0,mg,mg,2026-01-15 17:00:32,2026-01-15 17:00:32
89,콜레우스 포스콜리 추출물,포스콜린,500.0,500.0,mg,mg,2026-01-15 17:00:32,2026-01-15 17:00:32
90,PMO 참밀알부민,0.19-알부민,1200.0,1500.0,mg,g,2026-01-15 17:00:32,2026-01-15 17:00:32
91,쏘팔메토 열매 추출물 등 복합물,"라우르산, 베타-시토스테롤",705.0,705.0,mg,mg,2026-01-15 17:00:32,2026-01-15 17:00:32
92,다래추출물,다래추출물,2000.0,2000.0,mg,g,2026-01-15 17:00:32,2026-01-15 17:00:32
93,L-글루타민산 유래 GABA 함유 분말,L-글루타민산 유래 가바 함유 분말,19.9,20.1,mg,mg,2026-01-15 17:00:32,2026-01-15 17:00:32
94,중쇄지방산 함유 유지,중쇄지방산함유유지,0.0,0.0,mg,mg,2026-01-15 17:00:32,2026-01-15 17:00:32
95,CJ식물성유지 디글리세라이드,디아실글리세라이드,0.0,99999.0,mg,mg,2026-01-15 17:00:32,2026-01-15 17:00:32
96,카제인가수분해물,카제인가수분해물,1.8,3.6,mg,mg,2026-01-15 17:00:32,2026-01-15 17:00:32
97,호프추출물,알파 산s와 iso-알파 산s,1000.0,2000.0,mg,g,2026-01-15 17:00:32,2026-01-15 17:00:32
98,Nopal추출물,노팔추출물,4200.0,4400.0,mg,mg,2026-01-15 17:00:32,2026-01-15 17:00:32
99,헛개나무과병추출분말,퀘르세틴,2460.0,2460.0,mg,mg,2026-01-15 17:00:32,2026-01-15 17:00:32
100,지아잔틴 추출물,지아잔틴,10.0,20.0,mg,mg,2026-01-15 17:00:32,2026-01-15 17:00:32
101,루테인 복합추출물,"루테인, 지아잔틴",10.0,20.0,mg,mg,2026-01-15 17:00:32,2026-01-15 17:00:32
102,표고버섯균사체 AHCC,알파-글루칸,1800.0,3600.0,mg,g,2026-01-15 17:00:32,2026-01-15 17:00:32
103,이소말토올리고당,이소말토올리고당,8000.0,12000.0,mg,g,2026-01-15 17:00:32,2026-01-15 17:00:32
104,이소말토올리고당,이소말토올리고당,8000.0,12000.0,mg,g,2026-01-15 17:00:32,2026-01-15 17:00:32
105,대두올리고당,대두올리고당,2000.0,3000.0,mg,g,2026-01-15 17:00:32,2026-01-15 17:00:32
106,타가토스,D-타가토스,5000.0,7500.0,mg,g,2026-01-15 17:00:32,2026-01-15 17:00:32
107,당귀등추출복합물,"데쿠르신, 사우치논, 쉬잔드린",800.0,800.0,mg,mg,2026-01-15 17:00:32,2026-01-15 17:00:32
108,발효생성아미노산 복합물,"L-이소로이신, L-로이신, L-발린",4700.0,5000.0,mg,g,2026-01-15 17:00:32,2026-01-15 17:00:32
109,밀전분유래 난소화성말토덱스트린,식이섬유,8000.0,20000.0,mg,g,2026-01-15 17:00:32,2026-01-15 17:00:32
110,마카 젤라틴화 분말,벤질헥사데칸아미드,5.0,5.0,g,g,2026-01-15 17:00:32,2026-01-15 17:00:32
111,스페인감초추출물,글라브리딘,150.0,150.0,mg,mg,2026-01-15 17:00:32,2026-01-15 17:00:32
112,가시오갈피 등 복합추출물,"엘레우테로사이드 E, 리구스틸라이드, 바이칼린",1500.0,1500.0,mg,g,2026-01-15 17:00:32,2026-01-15 17:00:32
113,로즈힙분말,하이페로사이드,5000.0,5000.0,mg,g,2026-01-15 17:00:32,2026-01-15 17:00:32
114,호박씨추출물 등 복합물,"폴리페놀 유도체, 대두이소플라본 배당체의 합",600.0,1000.0,mg,mg,2026-01-15 17:00:32,2026-01-15 17:00:32
115,동충하초 발효 추출물,아데노신,2.5,2.5,g,g,2026-01-15 17:00:32,2026-01-15 17:00:32
116,유산균발효다시마추출물,감마아미노부티르산,1500.0,1500.0,mg,g,2026-01-15 17:00:32,2026-01-15 17:00:32
117,유산균 발효 다시마추출물,감마아미노부티르산,1500.0,1500.0,mg,g,2026-01-15 17:00:32,2026-01-15 17:00:32
118,헛개나무과병추출분말,퀘르세틴,2460.0,2460.0,mg,mg,2026-01-15 17:00:32,2026-01-15 17:00:32
119,석류농축액,엘라그산,13300.0,13300.0,mg,g,2026-01-15 17:00:32,2026-01-15 17:00:32
120,보스웰리아 추출물,3-아세틸-11-케토-β-보스웰릭 산와 11-케토-β-보스웰릭 산의 합,1000.0,1000.0,mg,mg,2026-01-15 17:00:32,2026-01-15 17:00:32
121,카카오분말,총 플라바놀,2800.0,2800.0,mg,g,2026-01-15 17:00:32,2026-01-15 17:00:32
122,헛개나무과병추출분말,퀘르세틴,2460.0,2460.0,mg,mg,2026-01-15 17:00:32,2026-01-15 17:00:32
123,글로빈 가수분해물,VVYP(발린-발린-티로신-프롤린),1000.0,1000.0,mg,g,2026-01-15 17:00:32,2026-01-15 17:00:32
124,콜레우스 포스콜리 추출물,포스콜린,500.0,500.0,mg,mg,2026-01-15 17:00:32,2026-01-15 17:00:32
125,HK표고버섯균사체,베타글루칸,350.0,350.0,mg,mg,2026-01-15 17:00:32,2026-01-15 17:00:32
126,쌀겨추출물,글루코실 세라마이드,10.0,34.0,mg,mg,2026-01-15 17:00:32,2026-01-15 17:00:32
127,동결건조누에분말,1-데옥시노지리마이신,2700.0,2700.0,mg,g,2026-01-15 17:00:32,2026-01-15 17:00:32
128,복분자추출분말,엘라그산,3150.0,3150.0,mg,mg,2026-01-15 17:00:32,2026-01-15 17:00:32
129,저분자콜라겐펩타이드,글리신-프롤린-히드록시프롤린,1000.0,3000.0,mg,mg,2026-01-15 17:00:32,2026-01-15 17:00:32
130,MR-10 민들레등복합추출물,"민들레,루이보스",400.0,400.0,mg,mg,2026-01-15 17:00:32,2026-01-15 17:00:32
131,전칠삼추출물 등 복합물,"진세노사이드 Rb1, 스타키오스, 엘레우테로사이드 E",800.0,800.0,mg,mg,2026-01-15 17:00:32,2026-01-15 17:00:32
132,효모베타글루칸,베타글루칸,250.0,250.0,mg,mg,2026-01-15 17:00:32,2026-01-15 17:00:32
133,피엘에이지,1-팔미토일-2-리놀레오일-3-아세틸-라세미-글리세롤,1000.0,1000.0,mg,g,2026-01-15 17:00:32,2026-01-15 17:00:32
134,카제인 가수분해물,발릴프로릴프롤린 및 이소류실프로릴프롤린,1.8,3.6,mg,mg,2026-01-15 17:00:32,2026-01-15 17:00:32
135,핑거루트추출분말,판두라틴 A,600.0,600.0,mg,mg,2026-01-15 17:00:32,2026-01-15 17:00:32
136,돌외잎주정추출분말,다물린 A,450.0,450.0,mg,mg,2026-01-15 17:00:32,2026-01-15 17:00:32
137,Enterococcus faecalis 가열처리건조분말,엔테로코커스 페칼리스 가열처리건조분말,999.9,1000.1,mg,mg,2026-01-15 17:00:32,2026-01-15 17:00:32
138,"홍삼, 사상자, 산수유 복합추출물","Rb1, Rg3, 토리린, 로가닌",3000.0,3000.0,mg,g,2026-01-15 17:00:32,2026-01-15 17:00:32
139,구기자추출물,베타인,1425.0,1425.0,mg,mg,2026-01-15 17:00:32,2026-01-15 17:00:32
140,발효식초석류복합물,"초산, 엘라직산",22.0,22.0,ml,ml,2026-01-15 17:00:32,2026-01-15 17:00:32
141,Lactobacillus gasseri BNR17,유산균,10000000000.0,10000000000.0,CFU,CFU,2026-01-15 17:00:32,2026-01-15 17:00:32
142,나토균배양분말,피브린용해효소활성,100.0,100.0,mg,mg,2026-01-15 17:00:32,2026-01-15 17:00:32
143,마리골드 추출물,루테인 에스테르,18.5,20.0,mg,mg,2026-01-15 17:00:32,2026-01-15 17:00:32
144,콩발효추출물,"α-글루코시다아제 활성 억제능, 트리스(2-아미노-2--1,3-프로판디올)",900.0,900.0,mg,mg,2026-01-15 17:00:32,2026-01-15 17:00:32
145,콩발효추출물,"α-글루코시다아제 활성 억제능, 트리스(2-아미노-2--1,3-프로판디올)",900.0,900.0,mg,mg,2026-01-15 17:00:32,2026-01-15 17:00:32
146,CMO 함유 FAC,CMO(세틸 미리스톨리에이트),893.0,893.0,mg,mg,2026-01-15 17:00:32,2026-01-15 17:00:32
147,UREX 프로바이오틱스,프로바이오틱스 수,1000000000.0,1000000000.0,CFU,CFU,2026-01-15 17:00:32,2026-01-15 17:00:32
148,도라지추출물,플라티코딘 D,3000.0,3000.0,mg,g,2026-01-15 17:00:32,2026-01-15 17:00:32
149,무화과페이스트,식이섬유,300000.0,300000.0,mg,g,2026-01-15 17:00:32,2026-01-15 17:00:32
150,적포도발효농축액,"총 폴리페놀, 카테킨",24.0,24.0,ml,ml,2026-01-15 17:00:32,2026-01-15 17:00:32
151,액상 다래추출물,"퀸산, 구연산",2000.0,2500.0,mg,g,2026-01-15 17:00:32,2026-01-15 17:00:32
152,인삼가수분해 농축액,진세노사이드 Rg1,960.0,960.0,mg,mg,2026-01-15 17:00:32,2026-01-15 17:00:32
153,그린커피빈추출물,클로로겐산,400.0,400.0,mg,mg,2026-01-15 17:00:32,2026-01-15 17:00:32
154,식물스타놀 에스테르,식물스타놀 에스테르,2500.0,3400.0,mg,g,2026-01-15 17:00:32,2026-01-15 17:00:32
155,민들레 등 추출복합물,"루테오린, 카테킨, 피시온",750.0,750.0,mg,mg,2026-01-15 17:00:32,2026-01-15 17:00:32
156,MS-10 엉겅퀴등복합추출물,"엉겅퀴 : 클로로겐산, 타임 : 로즈마린산",300.0,300.0,mg,mg,2026-01-15 17:00:32,2026-01-15 17:00:32
157,해국추출물,클로로겐산,700.0,700.0,mg,mg,2026-01-15 17:00:32,2026-01-15 17:00:32
158,홍국쌀,총모나콜린K,4.0,8.0,mg,mg,2026-01-15 17:00:32,2026-01-15 17:00:32
159,헤모힘 당귀등 혼합추출물,"노다케닌, 패오니플로린, 클로로겐 산",20.0,40.0,g,g,2026-01-15 17:00:32,2026-01-15 17:00:32
160,쇠비름주정추출분말,리놀렌산,480.0,480.0,mg,mg,2026-01-15 17:00:32,2026-01-15 17:00:32
161,차조기등복합추출물,차조기등복합추출물,2400.0,2400.0,mg,mg,2026-01-15 17:00:32,2026-01-15 17:00:32
162,토치대두발효추출물,"α-글루코시다아제 활성 억제능, 트리스(2-아미노-2--1,3-프로판디올)",900.0,900.0,mg,mg,2026-01-15 17:00:32,2026-01-15 17:00:32
163,APIC 대두배아열수추출물 등 복합물,"다이진, 글리시틴, 제니스틴 함량의 총 합, L-카르니틴",700.0,700.0,mg,mg,2026-01-15 17:00:32,2026-01-15 17:00:32
164,프로바이오틱스,"스트렙토코커스 써모필러스 DSM24731, 락토바실러스 아시도필러스 DSM24735, 락토바실러스 델브루에키 ssp 불가리쿠스 DSM24734, 락토바실러스 파라카제이 DSM24733, 락토바실러스 플란타럼 DSM24730, 비피도박테리움 롱검 DSM24736, 비피도박테리움 인판티스 DSM24737, 비피도박테리움 브레베 DSM24732",100000000.0,3000000000000.0,,,2026-01-15 17:00:32,2026-01-15 17:00:32
165,밀 추출물,글루코실세라마이드,350.0,350.0,mg,mg,2026-01-15 17:00:32,2026-01-15 17:00:32
166,실크단백질 산가수분해물,"세린, 글리신",7.5,7.5,g,g,2026-01-15 17:00:32,2026-01-15 17:00:32
167,복분자 추출물,엘라그산,600.0,600.0,mg,mg,2026-01-15 17:00:32,2026-01-15 17:00:32
168,보스웰리아추출물등 복합물,"아세틸-11-케토-베타-보스웰릭산, 총 커큐미노이드, 갈산",200.0,400.0,mg,mg,2026-01-15 17:00:32,2026-01-15 17:00:32
169,루바브뿌리추출물,라폰티신,4.0,4.0,mg,mg,2026-01-15 17:00:32,2026-01-15 17:00:32
170,꾸지뽕잎추출물,루틴,100.0,100.0,mg,mg,2026-01-15 17:00:32,2026-01-15 17:00:32
171,저분자콜라겐펩타이드SH,발린-글리신-프롤린-히드록시프롤린-글리신-프롤린-알라닌-글리신,2000.0,2000.0,mg,g,2026-01-15 17:00:32,2026-01-15 17:00:32
172,사삼추출물,"리놀레산, 베타시토스테롤",750.0,750.0,mg,mg,2026-01-15 17:00:32,2026-01-15 17:00:33
173,타히보 추출물,베라트릭산,600.0,600.0,mg,mg,2026-01-15 17:00:32,2026-01-15 17:00:32
174,유산균복합물,프로바이오틱스 수,1200000000.0,1200000000.0,CFU,CFU,2026-01-15 17:00:32,2026-01-15 17:00:32
175,L-글루탐산발효 가바분말,감마-아미노부티르산(GABA),375.0,375.0,mg,mg,2026-01-15 17:00:32,2026-01-15 17:00:32
176,보스웰리아추출물,보스웰리아추출물,400.0,400.0,mg,mg,2026-01-15 17:00:32,2026-01-15 17:00:32
177,루테인지아잔틴추출복합물,"루테인, 총지아잔틴",12.0,12.0,mg,mg,2026-01-15 17:00:32,2026-01-15 17:00:32
178,청호추출분말,스코폴레틴,686.0,686.0,mg,mg,2026-01-15 17:00:32,2026-01-15 17:00:32
179,Weissella cibaria JW15 프로바이오틱스,프로바이오틱스 수,100000000000.0,100000000000.0,CFU,CFU,2026-01-15 17:00:32,2026-01-15 17:00:32
180,루테인지아잔틴추출복합물,"루테인, 총지아잔틴",12.0,12.0,mg,mg,2026-01-15 17:00:32,2026-01-15 17:00:32
181,비수리추출분말,D-피니톨,1250.0,1250.0,mg,mg,2026-01-15 17:00:32,2026-01-15 17:00:32
182,천심련추출물,안드로그라폴라이드,300.0,300.0,mg,mg,2026-01-15 17:00:32,2026-01-15 17:00:32
183,콜레우스포스콜리 추출물,콜레우스 포스콜리의 뿌리,50.0,50.0,mg,mg,2026-01-15 17:00:32,2026-01-15 17:00:32
184,Bacillus coagulans Unique IS-2 프로바이오틱스,프로바이오틱스 수,2000000000.0,2000000000.0,CFU,CFU,2026-01-15 17:00:32,2026-01-15 17:00:32
185,현삼추출물,앤고로사이드 C,300.0,300.0,mg,mg,2026-01-15 17:00:32,2026-01-15 17:00:32
186,해국추출물,클로로겐산,700.0,700.0,mg,mg,2026-01-15 17:00:32,2026-01-15 17:00:32
187,에키네시아추출물,"치커리산, 총 폴리페놀",200.0,200.0,mg,mg,2026-01-15 17:00:32,2026-01-15 17:00:32
188,참당귀·녹용·황기 복합추출물,"노다케닌, 시알산(시알산), 칼리코신-7-글루코시드",500.0,500.0,mg,mg,2026-01-15 17:00:32,2026-01-15 17:00:32
189,Lactiplantibacillus plantarum TWK10 프로바이오틱스,프로바이오틱스 수,10000000000.0,10000000000.0,CFU,CFU,2026-01-15 17:00:32,2026-01-15 17:00:32
190,저분자 피쉬 콜라겐 펩타이드,글리신-알라닌-발린-글리신-프롤린-알라닌,1.5,1.5,g,g,2026-01-15 17:00:32,2026-01-15 17:00:32
191,EPA 및 DHA 함유 유지,EPA와 DHA,500.0,2240.0,mg,g,2026-01-15 17:00:32,2026-01-15 17:00:32
192,와사비잎추출물,이소비텍신,250.0,250.0,mg,mg,2026-01-15 17:00:32,2026-01-15 17:00:32
193,저분자콜라겐펩타이드,글리신-프롤린-발린-글리신-프롤린-세린,2.0,2.0,g,g,2026-01-15 17:00:32,2026-01-15 17:00:32
194,유청단백지질추출물,스핑고미엘린,600.0,600.0,mg,mg,2026-01-15 17:00:32,2026-01-15 17:00:32
195,Lactiplantibacillus plantarum C29 프로바이오틱스와 발효대두분말의 복합물,"프로바이오틱스 수, 소야사포닌Ⅰ",800.0,800.0,mg,mg,2026-01-15 17:00:32,2026-01-15 17:00:32
196,저분자유청단백가수분해물,류신-아스파르트산-이소류신-글루타민-라이신,6.0,6.0,g,g,2026-01-15 17:00:32,2026-01-15 17:00:32
197,백편두추출분말,치쿠세츠사포닌 IVa,715.0,715.0,mg,mg,2026-01-15 17:00:32,2026-01-15 17:00:32
198,루바브뿌리추출물,라폰티신,4.0,4.0,mg,mg,2026-01-15 17:00:32,2026-01-15 17:00:32
199,돈태반 발효추출물,"L-로이신, L-라이신, L-류실글리신",320.0,320.0,mg,mg,2026-01-15 17:00:32,2026-01-15 17:00:32
200,배초향 추출물,틸리아닌,1.0,1.0,g,g,2026-01-15 17:00:32,2026-01-15 17:00:32
201,발효우슬등복합물,"발효우슬추출물,당귀추출물,두충추출물",1.0,1.0,g,g,2026-01-15 17:00:32,2026-01-15 17:00:32
202,구절초추출물,리나린,250.0,250.0,mg,mg,2026-01-15 17:00:32,2026-01-15 17:00:32
203,뽕나무가지주정추출분말,옥시레스베라트롤,2000.0,2000.0,mg,g,2026-01-15 17:00:32,2026-01-15 17:00:32
204,레몬밤민들레추출복합물,"치코릭산,로즈마린산",500.0,500.0,mg,mg,2026-01-15 17:00:32,2026-01-15 17:00:32
205,발아발효콩추출물,"쿠메스테롤, 이소플라본",1.0,1.0,g,g,2026-01-15 17:00:32,2026-01-15 17:00:32
206,유산균발효마늘추출분말,사이클로알린,1.8,1.8,g,g,2026-01-15 17:00:32,2026-01-15 17:00:32
207,루바브뿌리추출물,라폰티신,4.0,4.0,mg,mg,2026-01-15 17:00:32,2026-01-15 17:00:32
208,레몬버베나추출물 등 복합물,"베르바스코사이드, 시아니딘-3-O-삼부비오사이드 + 델피니딘-3-O-삼부비오사이드",500.0,500.0,mg,mg,2026-01-15 17:00:32,2026-01-15 17:00:32
209,저분자콜라겐펩타이드,글리신-프롤린-히드록시프롤린,4000.0,1000.0,mg,mg,2026-01-15 17:00:32,2026-01-15 17:00:32
210,Lactiplantibacillus plantarum HAC01 프로바이오틱스,프로바이오틱스 수,4000000000.0,4000000000.0,CFU,CFU,2026-01-15 17:00:32,2026-01-15 17:00:32
211,와사비잎추출물,이소비텍신,250.0,250.0,mg,mg,2026-01-15 17:00:32,2026-01-15 17:00:32
212,저분자유청단백가수분해물,류신-아스파르트산-이소류신-글루타민-라이신,6.0,6.0,g,g,2026-01-15 17:00:32,2026-01-15 17:00:32
213,두충우슬추출복합물,"피노레시놀 디글루코시드, 20-히드록시엑디손",500.0,500.0,mg,mg,2026-01-15 17:00:32,2026-01-15 17:00:32
214,전호잎추출물,루테올린-7-O-글루코사이드,500.0,500.0,mg,mg,2026-01-15 17:00:32,2026-01-15 17:00:32
215,파비플로라생강뿌리추출물,텍토크리신,100.0,100.0,mg,mg,2026-01-15 17:00:32,2026-01-15 17:00:32
216,난각막분말,"하이드록시프롤린, 글리신과 프롤린의 합",600.0,600.0,mg,mg,2026-01-15 17:00:32,2026-01-15 17:00:32
217,녹용당귀등 복합추출물,"우라실, 하이포잔틴, 데커신, 글리시리진산",500.0,1000.0,mg,mg,2026-01-15 17:00:32,2026-01-15 17:00:32
218,영지버섯균사체추출분말,베타글루칸,200.0,200.0,mg,mg,2026-01-15 17:00:32,2026-01-15 17:00:32
219,목천료추출분말,액티니딘,686.0,686.0,mg,mg,2026-01-15 17:00:32,2026-01-15 17:00:32
220,산수유추출물등복합물,"로가닌, 4-히드록시 벤조 산",1600.0,1600.0,mg,mg,2026-01-15 17:00:32,2026-01-15 17:00:32
221,유산균발효대두분말,소야사포닌 Ⅰ,1.0,1.0,g,g,2026-01-15 17:00:32,2026-01-15 17:00:32
222,참당귀황기추출복합물,"데커신, 오노닌",600.0,600.0,mg,mg,2026-01-15 17:00:32,2026-01-15 17:00:32
223,유산균발효굴추출물,"감마-아미노부틸산, 타우린",500.0,500.0,mg,mg,2026-01-15 17:00:32,2026-01-15 17:00:32
224,발효굴추출물,"감마 아미노부틸산, 타우린",1000.0,1000.0,mg,mg,2026-01-15 17:00:32,2026-01-15 17:00:32
225,황칠나무잎·줄기추출물,루틴,600.0,600.0,mg,mg,2026-01-15 17:00:32,2026-01-15 17:00:32
226,풋사과 농축분말,플로리진,1.0,1.0,g,g,2026-01-15 17:00:32,2026-01-15 17:00:32
227,락티카제이바실러스 람노서스 아이디씨씨3201 열처리배양건조물,"열처리배양균체수, 젖산",400.0,400.0,mg,mg,2026-01-15 17:00:32,2026-01-15 17:00:32
228,Latilactobacillus curvatus LB-P9 프로바이오틱스,프로바이오틱스 수,5000000000.0,5000000000.0,CFU,CFU,2026-01-15 17:00:32,2026-01-15 17:00:32
229,마리골드꽃추출물,"루테인, 총 지아잔틴",12.0,12.0,mg,mg,2026-01-15 17:00:32,2026-01-15 17:00:32
230,L. mucosae NK41과 B. longum NK46의 프로바이오틱스 복합물,프로바이오틱스 수,10000000000.0,10000000000.0,CFU,CFU,2026-01-15 17:00:32,2026-01-15 17:00:32
231,헛개나무과병·오미자박추출복합물,"미리세틴, 쉬잔드린",500.0,500.0,mg,mg,2026-01-15 17:00:32,2026-01-15 17:00:32
232,프로폴리스망고스틴껍질복합물,"갈랑긴, 알파-망고스틴",388.0,388.0,mg,mg,2026-01-15 17:00:32,2026-01-15 17:00:32
233,Lactilactobacillus curvatus LB-P9 프로바이오틱스,프로바이오틱스 수,5000000000.0,5000000000.0,CFU,CFU,2026-01-15 17:00:32,2026-01-15 17:00:32
234,에키네시아추출물,"치코르산, 총 폴리페놀",200.0,200.0,mg,mg,2026-01-15 17:00:32,2026-01-15 17:00:32
235,덖음귤피추출분말,헤스페리딘,300.0,300.0,mg,mg,2026-01-15 17:00:32,2026-01-15 17:00:32
236,라임과피추출물,비세닌-2,300.0,300.0,mg,mg,2026-01-15 17:00:32,2026-01-15 17:00:32
237,저분자콜라겐펩타이드,알라닌-글리신-프롤린-알라닌,1.5,3.5,g,g,2026-01-15 17:00:32,2026-01-15 17:00:32
238,오미자박추출물,쉬잔드린,1.0,1.0,g,g,2026-01-15 17:00:32,2026-01-15 17:00:32
239,배초향 추출물,틸리아닌,1.0,1.0,g,g,2026-01-15 17:00:32,2026-01-15 17:00:32
240,작약추출물등복합물,"작약추출물,구아선복화추출물",700.0,700.0,mg,mg,2026-01-15 17:00:32,2026-01-15 17:00:32
241,사군자추출분말,퀴스퀄릭산,1.0,2.0,g,g,2026-01-15 17:00:32,2026-01-15 17:00:32
242,인삼,진세노사이드 Rg1과 Rb1의 합,28.8,28.8,mg,mg,2026-01-15 17:00:32,2026-01-15 17:00:32
243,단삼주정추출분말,단신수,600.0,600.0,mg,mg,2026-01-15 17:00:32,2026-01-15 17:00:32
244,새싹보리추출물,사포나린,480.0,480.0,mg,mg,2026-01-15 17:00:32,2026-01-15 17:00:32
245,다이크로스타키스 글로메라타 추출물,"미리세틴, 루테올린",400.0,400.0,mg,mg,2026-01-15 17:00:32,2026-01-15 17:00:32
246,녹용효소분해추출물,"우라실, 하이포잔틴",480.0,480.0,mg,mg,2026-01-15 17:00:32,2026-01-15 17:00:32
247,새싹인삼추출분말,진세노사이드 Re,450.0,450.0,mg,mg,2026-01-15 17:00:32,2026-01-15 17:00:32
248,장미꽃잎추출물,이소퀘르시트린,300.0,300.0,mg,mg,2026-01-15 17:00:32,2026-01-15 17:00:32
249,티아이소크라이시스루테아분말,도코사헥사엔산,900.0,900.0,mg,mg,2026-01-15 17:00:32,2026-01-15 17:00:32
250,복분자추출물,엘라그산,600.0,600.0,mg,mg,2026-01-15 17:00:32,2026-01-15 17:00:32
251,인디안구스베리·새싹보리추출복합물,"엘라그산,사포나린",1000.0,1000.0,mg,mg,2026-01-15 17:00:32,2026-01-15 17:00:32
252,한삼덩굴추출분말,비텍신,700.0,700.0,mg,mg,2026-01-15 17:00:32,2026-01-15 17:00:32
253,루테인지아잔틴추출복합물,"루테인, 총지아잔틴",12.0,30.0,mg,mg,2026-01-15 17:00:32,2026-01-15 17:00:32
254,마그나스표고균사체추출물분말,베타글루칸,1.8,1.8,g,g,2026-01-15 17:00:32,2026-01-15 17:00:32
255,단삼주정추출분말,크립토탄시논,400.0,400.0,mg,mg,2026-01-15 17:00:32,2026-01-15 17:00:32
256,B. breve IDCC 4401 열처리배양건조물,B. 브레베 IDCC 4401 열처리 배양균체수,20.0,200.0,m,m,2026-01-15 17:00:32,2026-01-15 17:00:32
257,콘드로이친황산염,콘드로이친 황산나트륨,1200.0,1200.0,mg,mg,2026-01-15 17:00:32,2026-01-15 17:00:32
258,피롤로퀴놀린퀴논이나트륨염,피롤로퀴놀린퀴논이나트륨염,21.5,21.5,mg,mg,2026-01-15 17:00:32,2026-01-15 17:00:32
259,락토페린,락토페린,300.0,300.0,mg,mg,2026-01-15 17:00:32,2026-01-15 17:00:32
260,Akkermansia muciniphila HB05 열처리배양건조물,아커만시아 뮤시니필라 HB05 열처리배양균체수,150.0,150.0,mg,mg,2026-01-15 17:00:32,2026-01-15 17:00:32
261,Latilactobacillus saeki LB-P12 프로바이오틱스,프로바이오틱스 수,10000000000.0,10000000000.0,CFU,CFU,2026-01-15 17:00:32,2026-01-15 17:00:32
262,루테인지아잔틴복합추출물,"루테인, 총지아잔틴",12.0,24.0,mg,mg,2026-01-15 17:00:32,2026-01-15 17:00:32
263,풋사과추출물 애플페논,총 폴리페놀,600.0,600.0,mg,mg,2026-01-15 17:00:32,2026-01-15 17:00:32
264,키토올리고당,"키토올리고당,키토바이오스",750.0,750.0,mg,mg,2026-01-15 17:00:32,2026-01-15 17:00:32
265,인삼,진세노사이드 Rg1과 Rb1의 합,25.0,25.0,mg,mg,2026-01-15 17:00:32,2026-01-15 17:00:32
266,옻나무 추출분말,푸스틴,1000.0,1000.0,mg,g,2026-01-15 17:00:32,2026-01-15 17:00:32
267,호로파종자추출물,비텍신,600.0,600.0,mg,mg,2026-01-15 17:00:32,2026-01-15 17:00:32
268,루테인지아잔틴복합추출물,"루테인, 총지아잔틴",10.0,20.0,mg,mg,2026-01-15 17:00:32,2026-01-15 17:00:32
269,오가피열매추출물,"클로로겐산, 엘레우테로사이드 E",2.0,2.0,g,g,2026-01-15 17:00:32,2026-01-15 17:00:32
270,루바브뿌리 추출물,라폰티신,4.0,4.0,mg,mg,2026-01-15 17:00:32,2026-01-15 17:00:32
271,스페인감초추출물,글라브리딘,150.0,150.0,mg,mg,2026-01-15 17:00:32,2026-01-15 17:00:32
272,상황버섯등 추출복합물,"상황버섯추출물,단삼추출물",900.0,900.0,mg,mg,2026-01-15 17:00:32,2026-01-15 17:00:32
273,우뭇가사리추출물,푸코스테롤,1000.0,1000.0,mg,mg,2026-01-15 17:00:32,2026-01-15 17:00:32
274,빌베리 추출물,총 안토시아노사이드,160.0,240.0,mg,mg,2026-01-15 17:00:32,2026-01-15 17:00:32
275,피쉬 콜라겐펩타이드,글리신-프롤린-발린-글리신-프롤린-세린,3270.0,3270.0,mg,mg,2026-01-15 17:00:32,2026-01-15 17:00:32
276,수국잎열수추출물,하이드란제놀,300.0,600.0,mg,mg,2026-01-15 17:00:32,2026-01-15 17:00:32
277,들깨쇠비름혼합추출물,"리놀레산, 리놀렌산, 리그노세르산",1080.0,1080.0,mg,mg,2026-01-15 17:00:32,2026-01-15 17:00:32
278,천심련추출물,안드로그라폴라이드,300.0,300.0,mg,mg,2026-01-15 17:00:32,2026-01-15 17:00:32
279,바이오게르마늄 효모,게르마늄,1.2,1.2,g,g,2026-01-15 17:00:32,2026-01-15 17:00:32
280,저분자콜라겐펩타이드 AG,글리신-프롤린-히드록시프롤린,1.0,1.0,g,g,2026-01-15 17:00:32,2026-01-15 17:00:32
281,옥수수수염·레몬밤추출복합물,"알란토인, 로즈마린산",1.0,1.0,g,g,2026-01-15 17:00:32,2026-01-15 17:00:32
282,Lactiplantibacillus plantarum Q180,"락티플란티바실러스 플란타럼 Q180 분말, 말토덱스트린",4000000000.0,4000000000.0,CFU,CFU,2026-01-15 17:00:32,2026-01-15 17:00:32
283,연어이리추출물,핵산,500.0,750.0,mg,mg,2026-01-15 17:00:32,2026-01-15 17:00:32
284,살라시아레티큘라타추출물,살라시놀,500.0,500.0,mg,mg,2026-01-15 17:00:32,2026-01-15 17:00:32
285,쑥부쟁이추출분말,루틴,2.0,2.0,g,g,2026-01-15 17:00:32,2026-01-15 17:00:32
286,인동덩굴꽃봉오리추출물,세콕시로가닌,250.0,250.0,mg,mg,2026-01-15 17:00:32,2026-01-15 17:00:32
287,차즈기추출물,루테올린-7-O-디글루쿠로나이드,500.0,500.0,mg,mg,2026-01-15 17:00:32,2026-01-15 17:00:32
288,가자추출물,엘라그산,500.0,500.0,mg,mg,2026-01-15 17:00:32,2026-01-15 17:00:32
289,강황추출물,커큐민,250.0,250.0,mg,mg,2026-01-15 17:00:32,2026-01-15 17:00:32
290,L. plantarum LC27과 B. longum LC67의 프로바이오틱스 복합물,프로바이오틱스 수,10000000000.0,10000000000.0,CFU,CFU,2026-01-15 17:00:32,2026-01-15 17:00:32
291,양춘사추출물,바닐릭산,500.0,500.0,mg,mg,2026-01-15 17:00:32,2026-01-15 17:00:32
292,홍삼,"진세노사이드 Rg1, Rb1 및 Rg3",23.0,23.0,mg,mg,2026-01-15 17:00:32,2026-01-15 17:00:32
293,CaHMB,"칼슘, HMB, 칼슘 HMB 일수화물",3.0,3.0,g,g,2026-01-15 17:00:32,2026-01-15 17:00:32
294,마리골드꽃추출물,"루테인, 총 지아잔틴",12.0,12.0,mg,mg,2026-01-15 17:00:32,2026-01-15 17:00:32
295,천마추출물,가스트로딘,500.0,500.0,mg,mg,2026-01-15 17:00:32,2026-01-15 17:00:32
296,대두추출물등 복합물,"1) 대두 : 대두이소플라본, 2) 호프 : 8-프레닐나린게닌",190.0,190.0,mg,mg,2026-01-15 17:00:32,2026-01-15 17:00:32
297,배초향·고지베리·무화과복합추출물,"틸리아닌, 베타인, 루틴",500.0,500.0,mg,mg,2026-01-15 17:00:32,2026-01-15 17:00:32
298,홍삼추출효소처리분말,"진세노사이드 Rg3(진세노사이드 Rg3), 진세노사이드 Rg3(진세노사이드 Rg3)",400.0,400.0,mg,mg,2026-01-15 17:00:32,2026-01-15 17:00:32
299,발효굴추출물,"감마아미노부틸산, 타우린",1000.0,1000.0,mg,mg,2026-01-15 17:00:32,2026-01-15 17:00:32
300,유산균발효굴추출물,"감마-아미노부틸산, 타우린",500.0,500.0,mg,mg,2026-01-15 17:00:32,2026-01-15 17:00:32
301,포도블루베리추출혼합분말,"(+)-카테킨, 퀘르세틴",600.0,600.0,mg,mg,2026-01-15 17:00:32,2026-01-15 17:00:32
302,프로바이오틱스·익모초추출복합물,"프로바이오틱스 수, 레오누린",980.0,980.0,mg,mg,2026-01-15 17:00:32,2026-01-15 17:00:32
303,털부처꽃추출물,오리엔틴,500.0,500.0,mg,mg,2026-01-15 17:00:32,2026-01-15 17:00:32
304,산딸기·왕느릅나무·치자추출복합물,"엘라그산, 카테킨 7-O-β-D-아피오퓨라노사이드, 제니포사이드",1800.0,1800.0,mg,mg,2026-01-15 17:00:32,2026-01-15 17:00:32
305,블랙커민추출분말,티모퀴논,900.0,900.0,mg,mg,2026-01-15 17:00:32,2026-01-15 17:00:32
306,헛개나무과병·오미자박추출복합물,"미리세틴, 쉬잔드린",500.0,500.0,mg,mg,2026-01-15 17:00:32,2026-01-15 17:00:32
307,밀배유추출물,글루코실세라마이드,30.0,30.0,mg,mg,2026-01-15 17:00:32,2026-01-15 17:00:32
308,핑거루트추출물,판두라틴,300.0,300.0,mg,mg,2026-01-15 17:00:32,2026-01-15 17:00:32
309,골드키위유산균발효물,"구연산, 열처리배양균체 수",10.0,10.0,mL,mL,2026-01-15 17:00:32,2026-01-15 17:00:32
310,모로오렌지추출분말,시아니딘 3-글루코사이드,400.0,400.0,mg,mg,2026-01-15 17:00:32,2026-01-15 17:00:32
311,녹각효소분해추출물HP,"시알산, 글리신-프롤린-히드록시프롤린-글리신-프롤린-알라닌-글리신 -프롤린-아르기닌",500.0,500.0,mg,mg,2026-01-15 17:00:32,2026-01-15 17:00:32
312,감국감태추출복합물,"루테올린-7-글루코사이드, 디엑콜",700.0,700.0,mg,mg,2026-01-15 17:00:32,2026-01-15 17:00:32
313,Lactiplantibacillus plantarum LMT1-48 프로바이오틱스,프로바이오틱스 수,5000000000.0,5000000000.0,CFU,CFU,2026-01-15 17:00:32,2026-01-15 17:00:32
314,유청단백지질추출물,스핑고마이엘린,600.0,600.0,mg,mg,2026-01-15 17:00:32,2026-01-15 17:00:32
315,저분자유청단백가수분해물,글리신-트레오닌-트립토판-티로신,10.0,10.0,g,g,2026-01-15 17:00:32,2026-01-15 17:00:32
316,오미자박추출물,쉬잔드린,1.0,1.0,g,g,2026-01-15 17:00:32,2026-01-15 17:00:32
317,황해쑥추출분말,이소클로로겐산 C,240.0,240.0,mg,mg,2026-01-15 17:00:32,2026-01-15 17:00:32
318,연어코연골추출물,"콘드로이친황산나트륨,연어코연골 프로테오글리칸 특이펩타이드",50.0,50.0,mg,mg,2026-01-15 17:00:32,2026-01-15 17:00:32
319,아연,아연,2.55,12.0,mg,mg,2026-01-15 17:00:32,2026-01-15 17:00:32
320,구리,구리,0.24,7.0,mg,mg,2026-01-15 17:00:32,2026-01-15 17:00:32
321,셀레늄,셀레늄,0.0165,0.135,mg,mg,2026-01-15 17:00:32,2026-01-15 17:00:32
322,요오드,요오드,0.045,0.15,mg,mg,2026-01-15 17:00:32,2026-01-15 17:00:32
323,망간,망간,0.9,3.5,mg,mg,2026-01-15 17:00:32,2026-01-15 17:00:32
324,몰리브덴,몰리브덴,0.0075,0.23,mg,mg,2026-01-15 17:00:32,2026-01-15 17:00:32
325,칼륨,칼륨,1050.0,3700.0,mg,mg,2026-01-15 17:00:32,2026-01-15 17:00:32
326,크롬,크롬,0.009,9.0,mg,mg,2026-01-15 17:00:32,2026-01-15 17:00:32
327,식이섬유,식이섬유,5000.0,999999999.0,mg,mg,2026-01-15 17:00:32,2026-01-15 17:00:32
328,단백질,단백질,12000.0,999999999000.0,mg,g,2026-01-15 17:00:32,2026-01-15 17:00:32
329,필수 지방산,필수 지방산,600.0,999999999.0,mg,mg,2026-01-15 17:00:32,2026-01-15 17:00:32
330,인삼,진세노사이드 Rg1과 Rb1의 합,3.0,80.0,mg,mg,2026-01-15 17:00:32,2026-01-15 17:00:32
331,홍삼,"진세노사이드 Rg1, Rb1 및 Rg3 의 합",2.4,80.0,mg,mg,2026-01-15 17:00:32,2026-01-15 17:00:32
332,알로에 전잎,안트라퀴논계화합물,20.0,30.0,mg,mg,2026-01-15 17:00:32,2026-01-15 17:00:32
333,프로폴리스추출물,총 플라보노이드,20.0,40.0,mg,mg,2026-01-15 17:00:32,2026-01-15 17:00:32
334,레시틴,인지질,1200.0,18000.0,mg,g,2026-01-15 17:00:32,2026-01-15 17:00:32
335,식물스테롤,식물스테롤,800.0,3000.0,mg,g,2026-01-15 17:00:32,2026-01-15 17:00:32
336,알콕시글리세롤 함유 상어간유,알콕시글리세롤,600.0,2700.0,mg,g,2026-01-15 17:00:32,2026-01-15 17:00:32
337,옥타코사놀 함유 유지,옥타코사놀,7.0,40.0,mg,mg,2026-01-15 17:00:32,2026-01-15 17:00:32
338,매실추출물,구연산,1000.0,1300.0,mg,g,2026-01-15 17:00:32,2026-01-15 17:00:32
339,글루코사민,글루코사민 황산염 또는 염산염,1500.0,1500.0,mg,g,2026-01-15 17:00:32,2026-01-15 17:00:32
340,뮤코다당.단백,뮤코다당·단백,1200.0,1500.0,mg,g,2026-01-15 17:00:32,2026-01-15 17:00:32
341,히알루론산,히알루론산,120.0,240.0,mg,mg,2026-01-15 17:00:32,2026-01-15 17:00:32
342,NAG,N-아세틸글루코사민,500.0,1000.0,mg,g,2026-01-15 17:00:32,2026-01-15 17:00:32
343,폴리감마글루탐산,폴리감마글루탐산,60.0,70.0,mg,mg,2026-01-15 17:00:32,2026-01-15 17:00:32
344,빌베리 추출물,총 안토시아노사이드,160.0,240.0,mg,mg,2026-01-15 17:00:32,2026-01-15 17:00:32
345,라피노스,라피노스,3000.0,5000.0,mg,g,2026-01-15 17:00:32,2026-01-15 17:00:32
346,분말한천,총 식이섬유,1600.0,4000.0,mg,g,2026-01-15 17:00:32,2026-01-15 17:00:32
347,크레아틴,크레아틴 모노하이드레이트,3000.0,3000.0,mg,g,2026-01-15 17:00:32,2026-01-15 17:00:32
348,유단백가수분해물,알파에스1카제인,2.7,4.1,mg,mg,2026-01-15 17:00:32,2026-01-15 17:00:32
349,상황버섯추출물,베타글루칸,287.1,534.6,mg,mg,2026-01-15 17:00:32,2026-01-15 17:00:32
350,토마토추출물,모두-트랜스-라이코펜,5.7,15.0,mg,mg,2026-01-15 17:00:32,2026-01-15 17:00:32
351,곤약감자추출물,글루코실세라미드,1.2,1.8,mg,mg,2026-01-15 17:00:32,2026-01-15 17:00:32
352,BT-11원지추출분말,TMCA(트리메톡시 계피산),300.0,300.0,mg,mg,2026-01-15 17:00:32,2026-01-15 17:00:32
353,L-글루타민,L-글루타민,3000.0,5000.0,mg,mg,2026-01-15 17:00:32,2026-01-15 17:00:32
354,칸탈로프멜론추출물,슈퍼옥사이드디스뮤타아제 활성,500.0,1000.0,IU,IU,2026-01-15 17:00:32,2026-01-15 17:00:32
355,소나무껍질추출물등복합물,"프로시아니딘, 비타민C, 비타민E, 감마리놀렌산",1130.0,1130.0,mg,mg,2026-01-15 17:00:32,2026-01-15 17:00:32
356,가쯔오부시올리고펩타이드,가쯔오부시올리고펩타이드,1500.0,1500.0,mg,g,2026-01-15 17:00:32,2026-01-15 17:00:32
357,가쯔오부시올리고펩타이드,가쯔오부시올리고펩타이드,1500.0,1500.0,mg,g,2026-01-15 17:00:32,2026-01-15 17:00:32
358,전칠삼추출물 등 복합물,"진세노사이드 Rb1, 스타키오스, 엘레우테로사이드 E",800.0,800.0,mg,mg,2026-01-15 17:00:32,2026-01-15 17:00:32
359,L-카르니틴 타르트레이트,L-카르니틴,2000.0,2000.0,mg,g,2026-01-15 17:00:32,2026-01-15 17:00:32
360,녹차추출물 복합물,"카테킨, L-테아닌",1680.0,1680.0,mg,mg,2026-01-15 17:00:32,2026-01-15 17:00:32
361,서목태펩타이드,"아르기닌, 로이신",4500.0,4500.0,mg,g,2026-01-15 17:00:32,2026-01-15 17:00:32
362,허니부쉬추출발효분말,헤스페리딘,400.0,800.0,mg,mg,2026-01-15 17:00:32,2026-01-15 17:00:32
363,Lactobacillus gasseri BNR17,락토바실러스 가세리 BNR17,10000000000.0,10000000000.0,CFU,CFU,2026-01-15 17:00:32,2026-01-15 17:00:32
364,루테인지아잔틴복합추출물,"루테인, 총지아잔틴",10.0,20.0,mg,mg,2026-01-15 17:00:32,2026-01-15 17:00:32
365,아프리카망고 종자추출물,엘라그산,300.0,300.0,mg,mg,2026-01-15 17:00:32,2026-01-15 17:00:32
366,유단백추출물,락토페린,40.0,40.0,mg,mg,2026-01-15 17:00:32,2026-01-15 17:00:32
367,천마 등 복합추출물,"가스트로딘, 살비아놀산 B, 엘라그산, 스피카토사이드 A",1200.0,1200.0,mg,g,2026-01-15 17:00:32,2026-01-15 17:00:32
368,밀배유추출물,글루코실세라마이드,30.0,30.0,mg,mg,2026-01-15 17:00:32,2026-01-15 17:00:32
369,L-아르기닌,L-아르기닌,6000.0,6000.0,mg,g,2026-01-15 17:00:32,2026-01-15 17:00:32
370,프로바이오틱스 HY7714,프로바이오틱스수,10000000000.0,10000000000.0,CFU,CFU,2026-01-15 17:00:32,2026-01-15 17:00:32
371,미역 등 복합추출물,"후코잔틴, 푸닉산",600.0,600.0,mg,mg,2026-01-15 17:00:32,2026-01-15 17:00:32
372,아마인,"총식이섬유, 세코이솔라리레시놀 디글리코사이드, 리놀렌산",50000.0,50000.0,mg,g,2026-01-15 17:00:32,2026-01-15 17:00:32
373,풋사과추출물 애플페논,총 폴리페놀,600.0,600.0,mg,mg,2026-01-15 17:00:32,2026-01-15 17:00:32
374,강황 추출물,p-쿠마르산,1.0,1.0,g,g,2026-01-15 17:00:32,2026-01-15 17:00:32
375,미숙여주주정추출분말,감마-아미노부티르산,2400.0,2400.0,mg,g,2026-01-15 17:00:32,2026-01-15 17:00:32
376,갈락토올리고당 분말,갈락토올리고당,2000.0,2000.0,mg,g,2026-01-15 17:00:32,2026-01-15 17:00:32
377,쑥부쟁이추출분말,루틴,2000.0,2000.0,mg,g,2026-01-15 17:00:33,2026-01-15 17:00:33
378,참깨박추출물,세사미놀,1500.0,1500.0,mg,g,2026-01-15 17:00:33,2026-01-15 17:00:33
379,저분자콜라겐펩타이드GT,발린-글리신-프롤린-히드록시프롤린-글리신-프롤린-알라닌-글리신,2000.0,2000.0,mg,g,2026-01-15 17:00:33,2026-01-15 17:00:33
380,병풀추출분말,아시아티코사이드,300.0,300.0,mg,mg,2026-01-15 17:00:33,2026-01-15 17:00:33
381,증숙생강추출분말,1-디하이드로-6-진저다이온,480.0,480.0,mg,mg,2026-01-15 17:00:33,2026-01-15 17:00:33
382,댕댕이나무열매추출분말,시아니딘-3-글루코사이드,1960.0,1960.0,mg,mg,2026-01-15 17:00:33,2026-01-15 17:00:33
383,청호추출분말,스코폴레틴,686.0,686.0,mg,mg,2026-01-15 17:00:33,2026-01-15 17:00:33
384,홍삼오일,"베타-시토스테롤, 리놀레산, 펜타데카노산",1000.0,1000.0,mg,mg,2026-01-15 17:00:33,2026-01-15 17:00:33
385,귀리식이섬유,귀리식이섬유,4500.0,999999999000.0,mg,g,2026-01-15 17:00:33,2026-01-15 17:00:33
386,난소화성말토덱스트린,난소화성말토덱스트린 식이섬유,4000.0,30000.0,mg,g,2026-01-15 17:00:33,2026-01-15 17:00:33
387,대두식이섬유,대두식이섬유,10000.0,60000.0,mg,g,2026-01-15 17:00:33,2026-01-15 17:00:33
388,목이버섯식이섬유,목이버섯식이섬유,12000.0,12000.0,mg,g,2026-01-15 17:00:33,2026-01-15 17:00:33
389,밀식이섬유,밀식이섬유,6000.0,36000.0,mg,g,2026-01-15 17:00:33,2026-01-15 17:00:33
390,옥수수겨식이섬유,옥수수겨식이섬유,10000.0,10000.0,mg,g,2026-01-15 17:00:33,2026-01-15 17:00:33
391,폴리덱스트로스,식이섬유,4500.0,12000.0,mg,g,2026-01-15 17:00:33,2026-01-15 17:00:33
392,코엔자임Q10,코엔자임Q10,90.0,100.0,mg,mg,2026-01-15 17:00:33,2026-01-15 17:00:33
393,쏘팔메토 열매 추출물,로르산,70.0,115.0,mg,mg,2026-01-15 17:00:33,2026-01-15 17:00:33
394,헤마토코쿠스 추출물,아스타잔틴,4.0,12.0,mg,mg,2026-01-15 17:00:33,2026-01-15 17:00:33
395,감마리놀렌산 함유 유지,감마리놀렌산,160.0,300.0,mg,mg,2026-01-15 17:00:33,2026-01-15 17:00:33
396,인삼다당체추출물,"갈락토스와 아라비노스의 합, 진세노사이드 Rg1과 Rb1의 합, 인삼성분 확인",6000.0,6000.0,mg,g,2026-01-15 17:00:33,2026-01-15 17:00:33
397,댕댕이나무열매추출분말,시아니딘-3-글루코사이드,1960.0,1960.0,mg,mg,2026-01-15 17:00:33,2026-01-15 17:00:33
398,자몽추출물등 복합물,"자몽,오렌지, 나린진 비율,과라나",900.0,900.0,mg,mg,2026-01-15 17:00:33,2026-01-15 17:00:33
399,포도과피 효소발효추출물,시아니딘,800.0,800.0,mg,mg,2026-01-15 17:00:33,2026-01-15 17:00:33
400,황기추출물 등 복합물,"포모노네틴, 산지사이드 메틸 에스테르, 엘레우테로사이드 E",1500.0,1500.0,mg,g,2026-01-15 17:00:33,2026-01-15 17:00:33
401,호박씨추출물 등 복합물,"폴리페놀 유도체, 대두이소플라본 배당체의 합",600.0,1000.0,mg,mg,2026-01-15 17:00:33,2026-01-15 17:00:33
402,참당귀 추출분말,데커신,800.0,800.0,mg,mg,2026-01-15 17:00:33,2026-01-15 17:00:33
403,L-arabinose,L-아라비노스,6000.0,6000.0,mg,g,2026-01-15 17:00:33,2026-01-15 17:00:33
404,비파엽추출물,퀘르세틴,1500.0,1500.0,mg,g,2026-01-15 17:00:33,2026-01-15 17:00:33
405,피니톨,피니톨,300.0,300.0,mg,mg,2026-01-15 17:00:33,2026-01-15 17:00:33
406,피크노제놀-프랑스해안송껍질추출물<PYCNOGENOL>,프로시아니딘,50.0,200.0,mg,mg,2026-01-15 17:00:33,2026-01-15 17:00:33
407,이소말토올리고당,이소말토올리고당,8000.0,12000.0,mg,mg,2026-01-15 17:00:33,2026-01-15 17:00:33
408,황금등복합물,"바이칼린, 카테킨",1100.0,1100.0,mg,mg,2026-01-15 17:00:33,2026-01-15 17:00:33
409,곰피추출물,디에콜,420.0,420.0,mg,mg,2026-01-15 17:00:33,2026-01-15 17:00:33
410,빌베리 추출물,총 안토시아노사이드,160.0,240.0,mg,mg,2026-01-15 17:00:33,2026-01-15 17:00:33
411,과채유래유산균,유산균,10000000000.0,1000000000000.0,CFU,CFU,2026-01-15 17:00:33,2026-01-15 17:00:33
412,가시오가피숙지황복합추출물,"가시오가피,숙지황",800.0,800.0,mg,mg,2026-01-15 17:00:33,2026-01-15 17:00:33
413,동충하초 주정추출물,코르디세핀,1500.0,1500.0,mg,g,2026-01-15 17:00:33,2026-01-15 17:00:33
414,Lactobacillus sakei Probio65,유산균,10000000000.0,1000000000000.0,CFU,CFU,2026-01-15 17:00:33,2026-01-15 17:00:33
415,로즈힙분말,하이페로사이드,5000.0,5000.0,mg,g,2026-01-15 17:00:33,2026-01-15 17:00:33
416,AP 콜라겐 효소분해 펩타이드,글리신-프롤린-히드록시프롤린,1000.0,1500.0,mg,mg,2026-01-15 17:00:33,2026-01-15 17:00:33
417,피카오프레토 분말 등 복합물,"총폴리페놀, 비타민C, 클로로겐산, 계피산",1350.0,1350.0,mg,mg,2026-01-15 17:00:33,2026-01-15 17:00:33
418,연어 펩타이드,이소류신-트립토판,2000.0,2000.0,mg,g,2026-01-15 17:00:33,2026-01-15 17:00:33
419,보리 베타글루칸 추출물,베타글루칸,3000.0,8000.0,mg,g,2026-01-15 17:00:33,2026-01-15 17:00:33
420,지각상엽 추출 혼합물,"나린진, 아스트라갈린",2800.0,2800.0,mg,g,2026-01-15 17:00:33,2026-01-15 17:00:33
421,크랜베리 추출물,총 안토시아노사이드,500.0,500.0,mg,mg,2026-01-15 17:00:33,2026-01-15 17:00:33
422,창녕양파추출액,케르세틴,150.0,150.0,ml,ml,2026-01-15 17:00:33,2026-01-15 17:00:33
423,크랜베리 추출물,총 안토시아노사이드,500.0,500.0,mg,mg,2026-01-15 17:00:33,2026-01-15 17:00:33
424,석류농축액,엘라그산,40.0,40.0,ml,ml,2026-01-15 17:00:33,2026-01-15 17:00:33
425,로즈힙분말,하이페로사이드,5000.0,5000.0,mg,g,2026-01-15 17:00:33,2026-01-15 17:00:33
426,락토페린,락토페린,300.0,300.0,mg,mg,2026-01-15 17:00:33,2026-01-15 17:00:33
427,루테인지아잔틴복합추출물20%,"루테인, 지아잔틴",10.0,20.0,mg,mg,2026-01-15 17:00:33,2026-01-15 17:00:33
428,매스틱 검,올레아논산,1050.0,1050.0,mg,mg,2026-01-15 17:00:33,2026-01-15 17:00:33
429,유단백가수분해물,알파에스1카제인,300.0,300.0,mg,mg,2026-01-15 17:00:33,2026-01-15 17:00:33
430,베타글루칸분말,베타글루칸,412.0,412.0,mg,mg,2026-01-15 17:00:33,2026-01-15 17:00:33
431,발효율피추출분말,엘라그산,1.0,1.0,g,g,2026-01-15 17:00:33,2026-01-15 17:00:33
432,로즈마리추출물등복합물,로즈마리추출물등복합물,225.0,225.0,mg,mg,2026-01-15 17:00:33,2026-01-15 17:00:33
434,열처리녹차추출물,"에피갈로카테킨갈레이트, 갈로카테킨갈레이트",900.0,900.0,mg,mg,2026-01-15 17:00:33,2026-01-15 17:00:33
435,아쉬아간다 추출물,위타노사이드 IV,120.0,120.0,mg,mg,2026-01-15 17:00:33,2026-01-15 17:00:33
436,흰목이버섯효소분해추출물,"유리딘, 만노스",600.0,1200.0,mg,mg,2026-01-15 17:00:33,2026-01-15 17:00:33
437,녹차추출물,카테킨,300.0,1000.0,mg,g,2026-01-15 17:00:33,2026-01-15 17:00:33
438,바나바잎 추출물,코로솔산,0.45,1.3,mg,mg,2026-01-15 17:00:33,2026-01-15 17:00:33
439,나토균배양분말,지표성분 : 피브린용해효소활성,44.0,67.0,mg,mg,2026-01-15 17:00:33,2026-01-15 17:00:33
440,지초추출물,리소스펌산,2200.0,2200.0,mg,mg,2026-01-15 17:00:33,2026-01-15 17:00:33
441,히드록시프로필메틸셀룰로오스,히드록시프로필메틸셀룰로오스,4000.0,8000.0,mg,g,2026-01-15 17:00:33,2026-01-15 17:00:33
442,가시오갈피 등 복합추출물,"엘레우테로사이드 E, 리구스틸라이드, 바이칼린",1500.0,1500.0,mg,g,2026-01-15 17:00:33,2026-01-15 17:00:33
443,상엽추출물,1-데옥시노지리마이신,10.0,10.0,g,g,2026-01-15 17:00:33,2026-01-15 17:00:33
444,창녕양파추출액,케르세틴,150.0,150.0,ml,ml,2026-01-15 17:00:33,2026-01-15 17:00:33
445,지방산복합물 FAC,미리스트올레산,1248.0,1248.0,mg,mg,2026-01-15 17:00:33,2026-01-15 17:00:33
446,보리 베타글루칸 추출물,베타글루칸,3000.0,8000.0,mg,g,2026-01-15 17:00:33,2026-01-15 17:00:33
447,정제오징어유,정제오징어유,500.0,2000.0,mg,g,2026-01-15 17:00:33,2026-01-15 17:00:33
448,자일로올리고당 분말,자일로올리고당,700.0,7500.0,mg,g,2026-01-15 17:00:33,2026-01-15 17:00:33
449,자일로올리고당,자일로올리고당,700.0,7500.0,mg,g,2026-01-15 17:00:33,2026-01-15 17:00:33
450,파크랜 크랜베리 분말,프로안토시아니딘,500.0,1000.0,mg,mg,2026-01-15 17:00:33,2026-01-15 17:00:33
451,해태올리고펩티드,알라닌-라이신-티로신-세린-티로신,1600.0,1600.0,mg,g,2026-01-15 17:00:33,2026-01-15 17:00:33
452,Green Mate Extract EFLA 920,클로로겐산,3000.0,3000.0,mg,g,2026-01-15 17:00:33,2026-01-15 17:00:33
453,아티초크 추출물,클로로겐산,1920.0,1920.0,mg,g,2026-01-15 17:00:33,2026-01-15 17:00:33
454,파크랜 크랜베리 분말,총 안토시아노사이드,500.0,1000.0,mg,mg,2026-01-15 17:00:33,2026-01-15 17:00:33
455,파크랜 크랜베리 분말,총 안토시아노사이드,500.0,1000.0,mg,mg,2026-01-15 17:00:33,2026-01-15 17:00:33
456,닭가슴연골분말,콘드로이친 황산,40.0,40.0,mg,mg,2026-01-15 17:00:33,2026-01-15 17:00:33
457,오미자추출물,쉬잔드린,1582.0,1582.0,mg,mg,2026-01-15 17:00:33,2026-01-15 17:00:33
458,우슬 등 복합물,"석류농축분말,두충추출분말,우슬추출분말",1000.0,1000.0,mg,mg,2026-01-15 17:00:33,2026-01-15 17:00:33
459,시서스추출물,"퀘르세틴, 이소람네틴",300.0,300.0,mg,mg,2026-01-15 17:00:33,2026-01-15 17:00:33
460,저분자콜라겐펩타이드NS,Gly-Pro 디펩타이드,1.65,1.65,g,g,2026-01-15 17:00:33,2026-01-15 17:00:33
461,풋사과추출물 애플페논,총 폴리페놀,600.0,600.0,mg,mg,2026-01-15 17:00:33,2026-01-15 17:00:33
462,로즈마리자몽추출복합물,"카르노식산와 카르노솔의 합,자몽추출물",100.0,250.0,mg,mg,2026-01-15 17:00:33,2026-01-15 17:00:33
463,석류농축분말,엘라그산,1.0,1.0,g,g,2026-01-15 17:00:33,2026-01-15 17:00:33
464,깻잎추출물,우르솔산,2.7,2.7,g,g,2026-01-15 17:00:33,2026-01-15 17:00:33
465,Lactobacillus acidophilus YT1,프로바이오틱스 수,100000000.0,100000000.0,CFU,CFU,2026-01-15 17:00:33,2026-01-15 17:00:33
466,리스펙타[프로바이오틱스 등 복합물],"프로바이오틱스 수, 락토페린",124.35,124.35,mg,mg,2026-01-15 17:00:33,2026-01-15 17:00:33
467,그린커피빈주정추출물,클로로겐산,500.0,500.0,mg,mg,2026-01-15 17:00:33,2026-01-15 17:00:33
468,미강주정추출물,감마-오리자놀,1.0,1.0,g,g,2026-01-15 17:00:33,2026-01-15 17:00:33
469,수국잎열수추출물,하이드란제놀,300.0,600.0,mg,mg,2026-01-15 17:00:33,2026-01-15 17:00:33
470,풋사과추출물 애플페논,총 폴리페놀,600.0,600.0,mg,mg,2026-01-15 17:00:33,2026-01-15 17:00:33
471,모로오렌지추출분말,시아니딘-3-O-글루코사이드,400.0,400.0,mg,mg,2026-01-15 17:00:33,2026-01-15 17:00:33
472,감잎주정추출분말,아스트라갈린,600.0,600.0,mg,mg,2026-01-15 17:00:33,2026-01-15 17:00:33
473,크릴오일,EPA와 DHA의 합,1.5,1.5,g,g,2026-01-15 17:00:33,2026-01-15 17:00:33
474,가다랑어 엘라스틴 펩타이드,"글리신, L-발릴글리실-L-프롤릴-, 데스모신 및 이소데스모신",100.0,100.0,mg,mg,2026-01-15 17:00:33,2026-01-15 17:00:33
475,크릴오일,EPA와 DHA의 합,1.0,2.0,g,g,2026-01-15 17:00:33,2026-01-15 17:00:33
476,옥수수수염·레몬밤추출복합물,"알란토인, 로즈마린산",1.0,1.0,g,g,2026-01-15 17:00:33,2026-01-15 17:00:33
477,Bifidobacterium breve B-3 프로바이오틱스,프로바이오틱스 수,5000000000.0,5000000000.0,CFU,CFU,2026-01-15 17:00:33,2026-01-15 17:00:33
478,저분자 피쉬 콜라겐 펩타이드,글리신-알라닌-발린-글리신-프롤린-알라닌,1.5,1.5,g,g,2026-01-15 17:00:33,2026-01-15 17:00:33
479,다이크로스타키스 글로메라타 추출물,"미리세틴, 루테올린",400.0,400.0,mg,mg,2026-01-15 17:00:33,2026-01-15 17:00:33
480,L. curvatus HY7601와 L. plantarum KY1032의 프로바이오틱스 복합물,프로바이오틱스 수,10000000000.0,10000000000.0,CFU,CFU,2026-01-15 17:00:33,2026-01-15 17:00:33
481,크릴오일등복합물,"EPA와 DHA의 합, 아스타잔틴, 히알루론산나트륨",462.0,462.0,mg,mg,2026-01-15 17:00:33,2026-01-15 17:00:33
482,Bacillus coagulans SNZ 1969 프로바이오틱스,프로바이오틱스 수,1000000000.0,1000000000.0,CFU,CFU,2026-01-15 17:00:33,2026-01-15 17:00:33
483,삼백초추출물,미퀠리아닌,450.0,450.0,mg,mg,2026-01-15 17:00:33,2026-01-15 17:00:33
484,콘드로이친 황산염,콘드로이친황산나트륨,1200.0,1200.0,mg,mg,2026-01-15 17:00:33,2026-01-15 17:00:33
485,참나리추출분말,레갈로사이드 A,1.0,1.0,1 g,1 g,2026-01-15 17:00:33,2026-01-15 17:00:33
486,당귤농축분말,헤스페리딘,100.0,100.0,mg,mg,2026-01-15 17:00:33,2026-01-15 17:00:33
487,타마린드강황주정추출복합물,"프로토카테츄산, 커큐민",250.0,250.0,mg,mg,2026-01-15 17:00:33,2026-01-15 17:00:33
488,난각막가수분해물,세린-트립토판-발린-글루탐산(SWVE),500.0,500.0,mg,mg,2026-01-15 17:00:33,2026-01-15 17:00:33
489,기장밀추출복합물,"밀리아신, 글루코실세라미드",300.0,300.0,mg,mg,2026-01-15 17:00:33,2026-01-15 17:00:33
490,보스웰리아추출물,3-아세틸-11-케토-β-보스웰릭 산와 11-케토-β-보스웰릭 산의 합,500.0,500.0,mg,mg,2026-01-15 17:00:33,2026-01-15 17:00:33
491,팔밋올레산 함유 명태유래 정제어유,"팔밋올레산, 팔밋올레산 : 팔미트산",1.0,1.0,g,g,2026-01-15 17:00:33,2026-01-15 17:00:33
492,오미자·두충·구기자추출복합물,"쉬잔드린, 제니포시딕산 베타인",253.0,253.0,mg,mg,2026-01-15 17:00:33,2026-01-15 17:00:33
493,정어리펩타이드 SP100N,"바릴티로신, 펩타이드",0.25,0.4,mg,μg,2026-01-15 17:00:33,2026-01-15 17:00:33
494,자일리톨,자일리톨,5000.0,10000.0,mg,g,2026-01-15 17:00:33,2026-01-15 17:00:33
495,참당귀뿌리추출물,참당귀뿌리추출물,799.9,800.1,mg,mg,2026-01-15 17:00:33,2026-01-15 17:00:33
496,포도종자추출물,포도종자추출물,199.99,300.01,mg,mg,2026-01-15 17:00:33,2026-01-15 17:00:33
497,카제인가수분해물,페닐알라닌-페닐알라닌-발린-알라닌-프롤린-페닐알라닌-프롤린-글루탐산-발린-페닐알라닌-글리신-라이신,4000.0,4000.0,mg,mg,2026-01-15 17:00:33,2026-01-15 17:00:33
498,올리브잎주정추출물 EFLA943,올러유로핀,500.0,1000.0,mg,mg,2026-01-15 17:00:33,2026-01-15 17:00:33
499,솔잎증류농축액,솔잎증류농축액,1349.9,1350.1,mg,mg,2026-01-15 17:00:33,2026-01-15 17:00:33
500,콩발효추출물,"α-글루코시다아제 활성 억제능(2-아미노-2--1,3-프로판디올)",900.0,900.0,mg,mg,2026-01-15 17:00:33,2026-01-15 17:00:33
501,돌외잎추출물,옴부오사이드,400.0,400.0,mg,mg,2026-01-15 17:00:33,2026-01-15 17:00:33
502,오미자추출물,"쉬잔드린, 고미신 A, 고미신 N",783.0,783.0,mg,mg,2026-01-15 17:00:33,2026-01-15 17:00:33
503,레몬 밤 추출물 혼합분말,"레몬밤,뽕나무잎, 6,인진쑥",1380.0,1380.0,mg,mg,2026-01-15 17:00:33,2026-01-15 17:00:33
504,호로파종자 등 추출복합물,"호로파종자추출분말,비수리추출분말",400.0,400.0,mg,mg,2026-01-15 17:00:33,2026-01-15 17:00:33
505,세리포리아 락세라타 균사체 배양물,베타글루칸,3.0,3.0,g,g,2026-01-15 17:00:33,2026-01-15 17:00:33
506,Akkermansia muciniphila HB05 열처리배양건조물,아커만시아 뮤시니필라 HB05 열처리배양균체수,150.0,150.0,mg,mg,2026-01-15 17:00:33,2026-01-15 17:00:33
507,Lacticaseibacillus paracasei subsp. paracasei 327 열처리배양건조물,사균체 수,50.0,50.0,mg,mg,2026-01-15 17:00:33,2026-01-15 17:00:33
508,Lacticaseibacillus paracasei HY7017 프로바이오틱스,프로바이오틱스 수,5000000000.0,5000000000.0,CFU,CFU,2026-01-15 17:00:33,2026-01-15 17:00:33
509,지초추출분말,리소스펌산,1000.0,1000.0,mg,mg,2026-01-15 17:00:33,2026-01-15 17:00:33
